{"init_params": {"cat_dims": [1112, 7, 2, 4, 2, 4, 3, 2, 12], "cat_emb_dim": [64, 4, 1, 2, 1, 2, 2, 1, 4], "cat_idxs": [0, 1, 2, 3, 4, 5, 6, 8, 9], "clip_value": 1, "device_name": "auto", "epsilon": 1e-15, "gamma": 1.3, "input_dim": 10, "lambda_sparse": 0.001, "mask_type": "sparsemax", "momentum": 0.02, "n_a": 8, "n_d": 8, "n_independent": 2, "n_shared": 2, "n_steps": 3, "optimizer_params": {"lr": 0.02}, "output_dim": 1, "scheduler_fn": null, "scheduler_params": {}, "seed": 0, "verbose": 1}, "class_attrs": {"preds_mapper": null}}